{"stats":{"minecraft:mined":{"minecraft:soul_sand":3,"minecraft:crafting_table":3,"minecraft:cobbled_deepslate_slab":4,"minecraft:cracked_polished_blackstone_bricks":1,"minecraft:light_gray_bed":4,"minecraft:coal_block":4,"minecraft:cobblestone":14,"minecraft:iron_door":1,"minecraft:spruce_stairs":1,"graveyard:vase_block":1,"minecraft:grass":1,"graveyard:creeper_skeleton":1,"minecraft:oak_log":11,"minecraft:polished_deepslate_slab":5,"minecraft:iron_bars":1,"illagerinvasion:magic_fire":6,"minecraft:cracked_stone_bricks":1,"minecraft:bamboo":1,"minecraft:wither_skeleton_skull":5,"minecraft:stone_bricks":4,"minecraft:stone":3,"minecraft:polished_blackstone":1,"minecraft:mossy_stone_bricks":3,"minecraft:fern":2},"minecraft:broken":{"minecraft:iron_axe":1},"minecraft:dropped":{"simplyswords:stormbringer":2,"stalwart_dungeons:netherite_hammer":2,"minecraft:iron_sword":3,"minecraft:stone_axe":1,"minecraft:soul_sand":7,"better_weaponry:wooden_katana":3,"minecraft:netherite_sword":8,"tombstone:gift":1,"minecraft:rotten_flesh":3,"minecraft:barrier":3,"cataclysm:gauntlet_of_bulwark":2,"cwsr:cyan_sword":1,"minecraft:wither_skeleton_skull":2,"minecraft:spectral_arrow":1,"twilightforest:ironwood_sword":3,"minecraft:amethyst_block":1,"twilightforest:giant_sword":4,"cataclysm:tidal_claws":1,"aether:iron_gloves":1,"better_weaponry:netherite_broadsword":2,"tombstone:grave_key":3,"minecraft:iron_chestplate":2,"minecraft:wooden_axe":1,"tombstone:grave_dust":9,"minecraft:wooden_sword":11,"iceandfire:dread_knight_sword":2,"minecraft:slime_ball":1,"minecraft:stone_pickaxe":1,"minecraft:wooden_pickaxe":1,"cwsr:dark_sword":3,"better_weaponry:iron_broadsword":2,"minecraft:redstone":2,"minecraft:bone":1},"minecraft:picked_up":{"minecraft:crafting_table":3,"minecraft:barrier":1,"minecraft:iron_door":1,"minecraft:gold_block":192,"iceandfire:myrmex_jungle_chitin":1,"minecraft:oak_log":11,"tombstone:grave_key":1,"minecraft:wither_skeleton_skull":5,"minecraft:iron_axe":1,"better_weaponry:netherite_broadsword":1,"minecraft:wooden_sword":6,"minecraft:bone":5,"minecraft:stone_bricks":2,"twilightforest:ironwood_sword":1,"graveyard:corruption":13,"iceandfire:myrmex_jungle_resin":3,"minecraft:cracked_stone_bricks":1,"minecraft:netherite_sword":1,"minecraft:cobbled_deepslate_slab":3,"iceandfire:myrmex_desert_resin":5,"minecraft:mossy_stone_bricks":1,"minecraft:bamboo":7,"minecraft:coal_block":68,"minecraft:iron_sword":1,"minecraft:soul_sand":7,"minecraft:milk_bucket":1,"minecraft:polished_deepslate_slab":5,"minecraft:spruce_stairs":1,"cataclysm:gauntlet_of_bulwark":1,"tombstone:grave_dust":2,"minecraft:diamond_block":192,"minecraft:redstone":2,"minecraft:pumpkin_seeds":2,"minecraft:arrow":2,"minecraft:light_gray_bed":4,"minecraft:rotten_flesh":5,"cataclysm:tidal_claws":2,"minecraft:cracked_polished_blackstone_bricks":1,"iceandfire:myrmex_desert_chitin":2,"minecraft:golden_apple":64,"minecraft:emerald":1,"minecraft:mutton":2,"minecraft:iron_bars":1,"minecraft:white_wool":1,"minecraft:cobblestone":14},"minecraft:custom":{"minecraft:interact_with_furnace":1,"minecraft:mob_kills":35,"tombstone:raider_killed":1,"minecraft:interact_with_crafting_table":3,"minecraft:open_barrel":28,"minecraft:damage_dealt_resisted":784,"minecraft:leave_game":6,"minecraft:time_since_death":33,"minecraft:sleep_in_bed":1,"minecraft:damage_resisted":677,"minecraft:climb_one_cm":5217,"minecraft:time_since_rest":1,"minecraft:sprint_one_cm":239898,"minecraft:damage_absorbed":707,"minecraft:damage_taken":18104,"minecraft:walk_one_cm":255271,"minecraft:drop":87,"minecraft:damage_dealt":16770,"minecraft:fly_one_cm":480328,"minecraft:player_kills":50,"minecraft:play_time":82500,"minecraft:open_chest":8,"minecraft:crouch_one_cm":3450,"minecraft:sneak_time":2103,"tombstone:undead_killed":6,"minecraft:deaths":36,"tombstone:tomb_raiding":17,"minecraft:jump":2107,"minecraft:interact_with_blast_furnace":2,"minecraft:walk_on_water_one_cm":126,"minecraft:total_world_time":82500,"minecraft:fall_one_cm":133590},"minecraft:crafted":{"minecraft:oak_planks":44,"minecraft:wooden_pickaxe":1,"minecraft:stone_axe":1,"minecraft:stick":12,"minecraft:stone_pickaxe":1,"minecraft:wooden_axe":1},"minecraft:killed_by":{"minecraft:player":27,"graveyard:acolyte":1},"minecraft:used":{"better_weaponry:iron_broadsword":2,"twilightforest:ironwood_sword":15,"minecraft:mossy_stone_bricks":1,"minecraft:netherite_sword":8,"simplyswords:stormbringer":41,"minecraft:wither_skeleton_skull":2,"minecraft:stone_pickaxe":31,"stalwart_dungeons:netherite_hammer":2,"minecraft:wooden_pickaxe":14,"minecraft:iron_sword":7,"iceandfire:dread_knight_sword":1,"minecraft:cracked_stone_bricks":1,"minecraft:golden_apple":6,"minecraft:crafting_table":3,"minecraft:carrot":4,"cwsr:cyan_sword":1,"cwsr:thunder_shock":5,"minecraft:wooden_axe":13,"minecraft:diamond_pickaxe":3,"minecraft:iron_axe":16,"minecraft:bread":8,"better_weaponry:netherite_broadsword":49,"minecraft:stone_axe":63,"minecraft:stone_bricks":2,"minecraft:wooden_sword":35,"twilightforest:giant_sword":9,"minecraft:cobblestone":3,"minecraft:golden_carrot":2,"better_weaponry:wooden_katana":10,"tombstone:gift":5,"minecraft:potato":30,"minecraft:light_gray_bed":4,"minecraft:enchanted_golden_apple":1},"minecraft:killed":{"iceandfire:myrmex_worker":1,"minecraft:vindicator":1,"minecraft:sheep":1,"minecraft:skeleton":1,"iceandfire:myrmex_soldier":2,"graveyard:acolyte":15,"minecraft:zombie":5,"iceandfire:myrmex_royal":1,"enemyexpansion:botfly":2,"undead_revamp2:crackleball":5}},"DataVersion":3465}