{"stats":{"minecraft:used":{"minecraft:mossy_stone_bricks":1,"minecraft:wither_skeleton_skull":2,"minecraft:stone_pickaxe":27,"minecraft:wooden_pickaxe":14,"minecraft:cracked_stone_bricks":1,"minecraft:crafting_table":3,"minecraft:carrot":4,"minecraft:wooden_axe":13,"minecraft:iron_axe":2,"minecraft:bread":7,"minecraft:stone_bricks":2,"minecraft:stone_axe":23,"minecraft:cobblestone":1,"tombstone:gift":2,"minecraft:potato":30,"minecraft:light_gray_bed":1},"minecraft:picked_up":{"minecraft:crafting_table":3,"minecraft:oak_log":11,"minecraft:wither_skeleton_skull":5,"minecraft:iron_axe":1,"minecraft:bone":5,"minecraft:stone_bricks":2,"minecraft:cracked_stone_bricks":1,"minecraft:cobbled_deepslate_slab":3,"minecraft:mossy_stone_bricks":1,"minecraft:bamboo":7,"minecraft:coal_block":4,"minecraft:soul_sand":7,"minecraft:polished_deepslate_slab":5,"minecraft:spruce_stairs":1,"tombstone:grave_dust":2,"minecraft:light_gray_bed":2,"minecraft:arrow":2,"minecraft:rotten_flesh":3,"minecraft:emerald":1,"minecraft:mutton":2,"minecraft:white_wool":1,"minecraft:cobblestone":14},"minecraft:custom":{"minecraft:interact_with_furnace":1,"minecraft:mob_kills":7,"tombstone:raider_killed":1,"minecraft:interact_with_crafting_table":3,"minecraft:open_barrel":24,"minecraft:leave_game":3,"minecraft:time_since_death":18758,"minecraft:sleep_in_bed":1,"minecraft:climb_one_cm":3653,"minecraft:time_since_rest":18496,"minecraft:sprint_one_cm":64310,"minecraft:damage_taken":500,"minecraft:walk_one_cm":50403,"minecraft:drop":11,"minecraft:damage_dealt":1145,"minecraft:fly_one_cm":97201,"minecraft:open_chest":5,"minecraft:crouch_one_cm":967,"minecraft:play_time":24536,"tombstone:undead_killed":3,"minecraft:deaths":2,"minecraft:sneak_time":378,"minecraft:jump":478,"minecraft:walk_on_water_one_cm":126,"minecraft:total_world_time":24536,"minecraft:fall_one_cm":12287},"minecraft:mined":{"minecraft:soul_sand":3,"minecraft:crafting_table":3,"minecraft:cobbled_deepslate_slab":4,"minecraft:light_gray_bed":2,"minecraft:coal_block":4,"minecraft:cobblestone":14,"minecraft:spruce_stairs":1,"minecraft:grass":1,"graveyard:creeper_skeleton":1,"minecraft:oak_log":11,"minecraft:polished_deepslate_slab":5,"illagerinvasion:magic_fire":6,"minecraft:cracked_stone_bricks":1,"minecraft:bamboo":1,"minecraft:wither_skeleton_skull":5,"minecraft:stone_bricks":4,"minecraft:stone":3,"minecraft:mossy_stone_bricks":3,"minecraft:fern":2},"minecraft:killed":{"minecraft:vindicator":1,"minecraft:sheep":1,"minecraft:skeleton":1,"minecraft:zombie":2,"enemyexpansion:botfly":2},"minecraft:crafted":{"minecraft:oak_planks":44,"minecraft:wooden_pickaxe":1,"minecraft:stone_axe":1,"minecraft:stick":12,"minecraft:stone_pickaxe":1,"minecraft:wooden_axe":1},"minecraft:dropped":{"minecraft:soul_sand":7,"minecraft:wither_skeleton_skull":2,"minecraft:wooden_axe":1,"minecraft:slime_ball":1,"minecraft:wooden_pickaxe":1,"minecraft:bone":1}},"DataVersion":3465}