{"stats":{"minecraft:used":{"minecraft:wooden_axe":13,"minecraft:mossy_stone_bricks":1,"minecraft:wither_skeleton_skull":2,"minecraft:bread":4,"minecraft:stone_pickaxe":16,"minecraft:wooden_pickaxe":14,"minecraft:stone_bricks":2,"minecraft:cracked_stone_bricks":1,"minecraft:stone_axe":19,"minecraft:cobblestone":1,"minecraft:crafting_table":3,"minecraft:carrot":4,"tombstone:gift":2,"minecraft:potato":30,"minecraft:light_gray_bed":1},"minecraft:picked_up":{"minecraft:crafting_table":3,"minecraft:spruce_stairs":1,"minecraft:oak_log":11,"tombstone:grave_dust":2,"minecraft:wither_skeleton_skull":5,"minecraft:iron_axe":1,"minecraft:bone":1,"minecraft:arrow":2,"minecraft:light_gray_bed":2,"minecraft:rotten_flesh":3,"minecraft:stone_bricks":2,"minecraft:cracked_stone_bricks":1,"minecraft:mossy_stone_bricks":1,"minecraft:emerald":1,"minecraft:bamboo":7,"minecraft:coal_block":4,"minecraft:soul_sand":7,"minecraft:cobblestone":14},"minecraft:custom":{"minecraft:time_since_rest":11580,"minecraft:sprint_one_cm":41378,"minecraft:damage_taken":440,"minecraft:walk_one_cm":37605,"minecraft:mob_kills":6,"minecraft:drop":10,"tombstone:raider_killed":1,"minecraft:damage_dealt":1065,"minecraft:interact_with_crafting_table":3,"minecraft:fly_one_cm":54729,"minecraft:open_barrel":15,"minecraft:open_chest":5,"minecraft:crouch_one_cm":967,"minecraft:play_time":17620,"tombstone:undead_killed":3,"minecraft:deaths":2,"minecraft:sneak_time":378,"minecraft:jump":325,"minecraft:walk_on_water_one_cm":126,"minecraft:leave_game":2,"minecraft:time_since_death":11842,"minecraft:sleep_in_bed":1,"minecraft:climb_one_cm":3456,"minecraft:total_world_time":17620,"minecraft:fall_one_cm":9512},"minecraft:mined":{"minecraft:spruce_stairs":1,"minecraft:soul_sand":3,"minecraft:crafting_table":3,"minecraft:grass":1,"minecraft:oak_log":11,"illagerinvasion:magic_fire":6,"minecraft:light_gray_bed":2,"minecraft:mossy_stone_bricks":3,"minecraft:stone":3,"minecraft:cracked_stone_bricks":1,"minecraft:coal_block":4,"minecraft:cobblestone":14,"minecraft:bamboo":1,"minecraft:wither_skeleton_skull":5,"minecraft:stone_bricks":4},"minecraft:crafted":{"minecraft:oak_planks":44,"minecraft:stick":12,"minecraft:wooden_pickaxe":1,"minecraft:stone_pickaxe":1,"minecraft:wooden_axe":1,"minecraft:stone_axe":1},"minecraft:killed":{"minecraft:skeleton":1,"minecraft:zombie":2,"enemyexpansion:botfly":2,"minecraft:vindicator":1},"minecraft:dropped":{"minecraft:soul_sand":7,"minecraft:wooden_axe":1,"minecraft:wither_skeleton_skull":2,"minecraft:slime_ball":1,"minecraft:wooden_pickaxe":1}},"DataVersion":3465}