{"stats":{"minecraft:used":{"minecraft:carrot":3,"minecraft:potato":4},"minecraft:picked_up":{"minecraft:crafting_table":1,"minecraft:light_gray_bed":1},"minecraft:custom":{"minecraft:jump":55,"minecraft:time_since_rest":716,"minecraft:damage_dealt":40,"minecraft:sprint_one_cm":4860,"minecraft:leave_game":1,"minecraft:play_time":3710,"minecraft:damage_taken":120,"minecraft:time_since_death":3710,"minecraft:walk_one_cm":6176,"minecraft:climb_one_cm":954,"minecraft:sleep_in_bed":1,"minecraft:total_world_time":3710,"minecraft:fall_one_cm":3141,"minecraft:fly_one_cm":7196,"minecraft:open_barrel":7},"minecraft:mined":{"minecraft:crafting_table":1,"minecraft:light_gray_bed":1}},"DataVersion":3465}