{"stats":{"minecraft:mined":{"minecraft:soul_sand":3,"minecraft:crafting_table":3,"minecraft:cobbled_deepslate_slab":4,"minecraft:cracked_polished_blackstone_bricks":1,"minecraft:light_gray_bed":4,"minecraft:coal_block":4,"minecraft:cobblestone":14,"minecraft:iron_door":1,"minecraft:spruce_stairs":1,"graveyard:vase_block":1,"minecraft:grass":1,"graveyard:creeper_skeleton":1,"minecraft:oak_log":11,"minecraft:polished_deepslate_slab":5,"minecraft:iron_bars":1,"illagerinvasion:magic_fire":6,"minecraft:cracked_stone_bricks":1,"minecraft:bamboo":1,"minecraft:wither_skeleton_skull":5,"minecraft:polished_blackstone":1,"minecraft:stone":3,"minecraft:stone_bricks":4,"minecraft:mossy_stone_bricks":3,"minecraft:fern":2},"minecraft:broken":{"minecraft:iron_axe":1},"minecraft:dropped":{"minecraft:stone_axe":1,"minecraft:soul_sand":7,"minecraft:rotten_flesh":2,"minecraft:wither_skeleton_skull":2,"minecraft:spectral_arrow":1,"minecraft:amethyst_block":1,"minecraft:iron_chestplate":2,"minecraft:wooden_axe":1,"tombstone:grave_dust":4,"minecraft:slime_ball":1,"minecraft:stone_pickaxe":1,"minecraft:wooden_pickaxe":1,"minecraft:bone":1,"minecraft:redstone":2},"minecraft:picked_up":{"minecraft:crafting_table":3,"minecraft:iron_door":1,"minecraft:oak_log":11,"minecraft:wither_skeleton_skull":5,"better_weaponry:netherite_broadsword":1,"minecraft:iron_axe":1,"minecraft:bone":5,"graveyard:corruption":13,"minecraft:stone_bricks":2,"minecraft:cracked_stone_bricks":1,"minecraft:cobbled_deepslate_slab":3,"minecraft:mossy_stone_bricks":1,"minecraft:bamboo":7,"minecraft:coal_block":4,"minecraft:soul_sand":7,"minecraft:polished_deepslate_slab":5,"minecraft:spruce_stairs":1,"tombstone:grave_dust":2,"minecraft:redstone":2,"minecraft:pumpkin_seeds":2,"minecraft:arrow":2,"minecraft:light_gray_bed":4,"minecraft:rotten_flesh":5,"minecraft:cracked_polished_blackstone_bricks":1,"minecraft:emerald":1,"minecraft:mutton":2,"minecraft:white_wool":1,"minecraft:iron_bars":1,"minecraft:cobblestone":14},"minecraft:custom":{"minecraft:interact_with_furnace":1,"minecraft:mob_kills":25,"tombstone:raider_killed":1,"minecraft:interact_with_crafting_table":3,"minecraft:open_barrel":28,"minecraft:leave_game":3,"minecraft:time_since_death":118,"minecraft:sleep_in_bed":1,"minecraft:climb_one_cm":5217,"minecraft:time_since_rest":1,"minecraft:sprint_one_cm":137645,"minecraft:damage_taken":6869,"minecraft:walk_one_cm":119943,"minecraft:drop":24,"minecraft:damage_dealt":10119,"minecraft:fly_one_cm":206379,"minecraft:player_kills":25,"minecraft:open_chest":8,"minecraft:play_time":48461,"minecraft:crouch_one_cm":1418,"minecraft:sneak_time":644,"tombstone:undead_killed":6,"minecraft:deaths":17,"tombstone:tomb_raiding":5,"minecraft:jump":1116,"minecraft:interact_with_blast_furnace":2,"minecraft:walk_on_water_one_cm":126,"minecraft:total_world_time":48461,"minecraft:fall_one_cm":32406},"minecraft:crafted":{"minecraft:oak_planks":44,"minecraft:wooden_pickaxe":1,"minecraft:stone_axe":1,"minecraft:stick":12,"minecraft:stone_pickaxe":1,"minecraft:wooden_axe":1},"minecraft:killed_by":{"minecraft:player":14,"graveyard:acolyte":1},"minecraft:used":{"minecraft:mossy_stone_bricks":1,"minecraft:wither_skeleton_skull":2,"minecraft:stone_pickaxe":31,"minecraft:wooden_pickaxe":14,"iceandfire:dread_knight_sword":1,"minecraft:cracked_stone_bricks":1,"minecraft:crafting_table":3,"minecraft:carrot":4,"cwsr:cyan_sword":1,"minecraft:wooden_axe":13,"minecraft:diamond_pickaxe":3,"minecraft:iron_axe":16,"minecraft:bread":8,"better_weaponry:netherite_broadsword":48,"minecraft:stone_bricks":2,"minecraft:stone_axe":63,"minecraft:golden_carrot":2,"minecraft:cobblestone":3,"tombstone:gift":4,"minecraft:potato":30,"minecraft:light_gray_bed":4},"minecraft:killed":{"minecraft:vindicator":1,"minecraft:sheep":1,"minecraft:skeleton":1,"graveyard:acolyte":15,"minecraft:zombie":5,"enemyexpansion:botfly":2}},"DataVersion":3465}