{"stats":{"minecraft:mined":{"minecraft:dark_oak_planks":7,"minecraft:birch_stairs":3,"minecraft:glass_pane":11,"minecraft:potted_lily_of_the_valley":1,"minecraft:dark_oak_log":36,"minecraft:crafting_table":2,"minecraft:decorated_pot":1,"minecraft:cobblestone":10,"minecraft:oak_planks":1,"minecraft:light_gray_candle":1,"minecraft:cobblestone_wall":1,"minecraft:lapis_block":5,"minecraft:grass":5,"minecraft:bookshelf":16,"minecraft:oak_log":13,"minecraft:water_cauldron":1,"minecraft:gray_candle":1},"minecraft:broken":{"minecraft:stone_axe":1},"minecraft:dropped":{"minecraft:shelter_pottery_sherd":1,"minecraft:wheat":1,"minecraft:feather":4,"cwsr:cyan_sword":1,"minecraft:sheaf_pottery_sherd":1,"minecraft:dirt":9,"aether:iron_gloves":1,"minecraft:wooden_axe":2,"minecraft:leather_leggings":1,"minecraft:wooden_sword":2,"minecraft:snort_pottery_sherd":1,"minecraft:wooden_pickaxe":2,"minecraft:angler_pottery_sherd":1,"minecraft:birch_stairs":3},"minecraft:picked_up":{"minecraft:wooden_axe":1,"minecraft:shelter_pottery_sherd":1,"minecraft:crafting_table":2,"minecraft:feather":4,"minecraft:flower_pot":1,"minecraft:wooden_pickaxe":1,"aether:iron_gloves":1,"better_weaponry:iron_broadsword":1,"cwsr:cyan_sword":1,"minecraft:oak_log":12,"tombstone:grave_key":2,"minecraft:cobblestone_wall":1,"minecraft:wither_skeleton_skull":1,"minecraft:lapis_block":5,"minecraft:dirt":14,"minecraft:string":2,"minecraft:paper":2,"minecraft:wooden_sword":1,"minecraft:bone":3,"minecraft:wheat_seeds":1,"iceandfire:dread_knight_sword":1,"simplyswords:stormbringer":2,"minecraft:iron_nugget":9,"minecraft:enchanted_golden_apple":3,"minecraft:gray_candle":3,"minecraft:coal_block":64,"minecraft:oak_planks":1,"minecraft:book":48,"minecraft:sheaf_pottery_sherd":1,"naturalist:duck":2,"minecraft:birch_stairs":4,"tombstone:grave_dust":4,"minecraft:lily_of_the_valley":1,"minecraft:dark_oak_log":35,"naturalist:duck_egg":2,"minecraft:cauldron":1,"minecraft:dark_oak_planks":7,"twilightforest:giant_sword":1,"minecraft:arrow":5,"minecraft:rotten_flesh":8,"minecraft:snort_pottery_sherd":1,"minecraft:light_gray_candle":2,"minecraft:angler_pottery_sherd":1,"minecraft:emerald":3,"minecraft:cobblestone":10},"minecraft:custom":{"minecraft:mob_kills":16,"tombstone:raider_killed":6,"minecraft:interact_with_crafting_table":12,"minecraft:open_barrel":26,"minecraft:leave_game":4,"minecraft:time_since_death":2413,"minecraft:damage_resisted":107,"minecraft:climb_one_cm":1380,"minecraft:time_since_rest":2272,"minecraft:damage_absorbed":560,"minecraft:sprint_one_cm":163239,"minecraft:damage_taken":11238,"minecraft:walk_one_cm":232347,"minecraft:damage_blocked_by_shield":440,"minecraft:drop":19,"minecraft:damage_dealt":8365,"minecraft:player_kills":29,"minecraft:fly_one_cm":128244,"minecraft:open_chest":10,"minecraft:play_time":68425,"minecraft:crouch_one_cm":18193,"minecraft:sneak_time":5457,"tombstone:undead_killed":4,"minecraft:deaths":39,"tombstone:tomb_raiding":13,"minecraft:jump":754,"minecraft:interact_with_brewingstand":1,"minecraft:total_world_time":68425,"minecraft:fall_one_cm":10164},"minecraft:crafted":{"minecraft:oak_planks":48,"minecraft:crafting_table":4,"minecraft:wooden_pickaxe":1,"minecraft:stone_axe":2,"minecraft:bread":5,"minecraft:shield":1,"minecraft:stick":20,"minecraft:iron_ingot":4,"minecraft:stone_pickaxe":1,"minecraft:wooden_axe":1,"minecraft:dark_oak_planks":140},"minecraft:killed_by":{"minecraft:player":35,"undead_revamp2:the_moonflower":1,"minecraft:skeleton":1},"minecraft:used":{"better_weaponry:iron_broadsword":6,"simplyswords:stormbringer":24,"minecraft:oak_planks":25,"minecraft:stone_pickaxe":13,"minecraft:wooden_pickaxe":6,"stalwart_dungeons:netherite_hammer":1,"minecraft:shield":13,"iceandfire:dread_knight_sword":3,"minecraft:rotten_flesh":15,"naturalist:duck_egg":2,"minecraft:golden_apple":1,"minecraft:dirt":5,"minecraft:crafting_table":6,"minecraft:cobblestone_wall":1,"cwsr:cyan_sword":30,"minecraft:dark_oak_planks":73,"minecraft:wooden_axe":17,"minecraft:bread":2,"minecraft:stone_axe":123,"minecraft:wooden_sword":21,"naturalist:duck":1,"twilightforest:giant_sword":29,"cataclysm:void_forge":1,"tombstone:gift":3,"minecraft:enchanted_golden_apple":1,"minecraft:iron_leggings":1},"minecraft:killed":{"illagerinvasion:archivist":1,"minecraft:husk":2,"minecraft:vindicator":2,"naturalist:duck":2,"illagerinvasion:basher":2,"minecraft:skeleton":1,"undead_revamp2:thesomnolence":2,"minecraft:zombie":1,"illagerinvasion:provoker":1}},"DataVersion":3465}