{"stats":{"minecraft:used":{"minecraft:wooden_axe":17,"minecraft:stone_pickaxe":3,"minecraft:oak_planks":22,"minecraft:wooden_pickaxe":6,"minecraft:rotten_flesh":6,"minecraft:stone_axe":22,"minecraft:crafting_table":2},"minecraft:picked_up":{"minecraft:wooden_axe":1,"naturalist:duck":2,"minecraft:feather":4,"minecraft:wooden_pickaxe":1,"minecraft:oak_log":12,"tombstone:grave_dust":1,"minecraft:cobblestone_wall":1,"minecraft:wither_skeleton_skull":1,"minecraft:dark_oak_log":5,"naturalist:duck_egg":2,"minecraft:bone":1,"minecraft:arrow":2,"minecraft:rotten_flesh":6,"minecraft:light_gray_candle":2,"minecraft:iron_nugget":9,"minecraft:emerald":3,"minecraft:gray_candle":3,"minecraft:oak_planks":1,"minecraft:cobblestone":6},"minecraft:killed_by":{"undead_revamp2:the_moonflower":1},"minecraft:custom":{"minecraft:time_since_rest":9028,"minecraft:sprint_one_cm":24390,"minecraft:damage_taken":395,"minecraft:walk_one_cm":25164,"minecraft:mob_kills":8,"minecraft:drop":6,"tombstone:raider_killed":3,"minecraft:damage_dealt":1067,"minecraft:interact_with_crafting_table":4,"minecraft:open_chest":2,"minecraft:fly_one_cm":23329,"minecraft:open_barrel":8,"minecraft:crouch_one_cm":3296,"minecraft:play_time":12631,"tombstone:undead_killed":1,"minecraft:deaths":1,"minecraft:sneak_time":1027,"minecraft:jump":172,"minecraft:leave_game":1,"minecraft:time_since_death":10781,"minecraft:total_world_time":12631,"minecraft:fall_one_cm":3793},"minecraft:mined":{"minecraft:light_gray_candle":1,"minecraft:glass_pane":4,"minecraft:cobblestone_wall":1,"minecraft:dark_oak_log":5,"minecraft:grass":5,"minecraft:oak_log":13,"minecraft:cobblestone":6,"minecraft:oak_planks":1,"minecraft:gray_candle":1},"minecraft:killed":{"minecraft:zombie":1,"minecraft:vindicator":1,"naturalist:duck":2,"illagerinvasion:basher":2},"minecraft:crafted":{"minecraft:oak_planks":48,"minecraft:crafting_table":2,"minecraft:stick":12,"minecraft:wooden_pickaxe":1,"minecraft:stone_pickaxe":1,"minecraft:wooden_axe":1,"minecraft:dark_oak_planks":20,"minecraft:stone_axe":1},"minecraft:dropped":{"minecraft:wooden_axe":2,"minecraft:feather":4,"minecraft:wooden_pickaxe":2}},"DataVersion":3465}