{"stats":{"minecraft:used":{"minecraft:stone_pickaxe":13,"minecraft:oak_planks":25,"minecraft:wooden_pickaxe":6,"minecraft:shield":13,"minecraft:rotten_flesh":15,"naturalist:duck_egg":2,"minecraft:dirt":5,"minecraft:crafting_table":6,"minecraft:cobblestone_wall":1,"minecraft:wooden_axe":17,"minecraft:dark_oak_planks":73,"minecraft:bread":2,"minecraft:stone_axe":123,"naturalist:duck":1,"minecraft:iron_leggings":1},"minecraft:picked_up":{"minecraft:wooden_axe":1,"minecraft:shelter_pottery_sherd":1,"minecraft:crafting_table":2,"minecraft:feather":4,"minecraft:flower_pot":1,"aether:iron_gloves":1,"minecraft:wooden_pickaxe":1,"minecraft:oak_log":12,"minecraft:cobblestone_wall":1,"minecraft:wither_skeleton_skull":1,"minecraft:lapis_block":5,"minecraft:string":2,"minecraft:dirt":14,"minecraft:paper":2,"minecraft:bone":3,"minecraft:wheat_seeds":1,"minecraft:iron_nugget":9,"minecraft:gray_candle":3,"minecraft:oak_planks":1,"minecraft:book":48,"naturalist:duck":2,"minecraft:sheaf_pottery_sherd":1,"minecraft:birch_stairs":4,"tombstone:grave_dust":1,"minecraft:lily_of_the_valley":1,"minecraft:dark_oak_log":35,"minecraft:cauldron":1,"naturalist:duck_egg":2,"minecraft:dark_oak_planks":7,"minecraft:arrow":5,"minecraft:rotten_flesh":8,"minecraft:snort_pottery_sherd":1,"minecraft:light_gray_candle":2,"minecraft:angler_pottery_sherd":1,"minecraft:emerald":3,"minecraft:cobblestone":10},"minecraft:broken":{"minecraft:stone_axe":1},"minecraft:killed_by":{"undead_revamp2:the_moonflower":1,"minecraft:skeleton":1},"minecraft:custom":{"minecraft:mob_kills":16,"tombstone:raider_killed":6,"minecraft:interact_with_crafting_table":12,"minecraft:open_barrel":26,"minecraft:leave_game":1,"minecraft:time_since_death":7276,"minecraft:climb_one_cm":1380,"minecraft:time_since_rest":6595,"minecraft:sprint_one_cm":47988,"minecraft:damage_taken":935,"minecraft:walk_one_cm":67481,"minecraft:damage_blocked_by_shield":440,"minecraft:drop":16,"minecraft:damage_dealt":3166,"minecraft:fly_one_cm":44762,"minecraft:open_chest":10,"minecraft:crouch_one_cm":17148,"minecraft:play_time":36631,"tombstone:undead_killed":4,"minecraft:deaths":2,"minecraft:sneak_time":4970,"minecraft:jump":403,"minecraft:interact_with_brewingstand":1,"minecraft:total_world_time":36631,"minecraft:fall_one_cm":8066},"minecraft:mined":{"minecraft:dark_oak_planks":7,"minecraft:birch_stairs":3,"minecraft:glass_pane":11,"minecraft:potted_lily_of_the_valley":1,"minecraft:dark_oak_log":36,"minecraft:crafting_table":2,"minecraft:decorated_pot":1,"minecraft:cobblestone":10,"minecraft:oak_planks":1,"minecraft:light_gray_candle":1,"minecraft:cobblestone_wall":1,"minecraft:lapis_block":5,"minecraft:grass":5,"minecraft:water_cauldron":1,"minecraft:bookshelf":16,"minecraft:oak_log":13,"minecraft:gray_candle":1},"minecraft:crafted":{"minecraft:oak_planks":48,"minecraft:crafting_table":4,"minecraft:wooden_pickaxe":1,"minecraft:stone_axe":2,"minecraft:bread":5,"minecraft:shield":1,"minecraft:stick":20,"minecraft:iron_ingot":4,"minecraft:stone_pickaxe":1,"minecraft:wooden_axe":1,"minecraft:dark_oak_planks":140},"minecraft:killed":{"illagerinvasion:archivist":1,"minecraft:husk":2,"minecraft:vindicator":2,"naturalist:duck":2,"illagerinvasion:basher":2,"minecraft:skeleton":1,"undead_revamp2:thesomnolence":2,"minecraft:zombie":1,"illagerinvasion:provoker":1},"minecraft:dropped":{"minecraft:shelter_pottery_sherd":1,"minecraft:wheat":1,"minecraft:feather":4,"minecraft:sheaf_pottery_sherd":1,"minecraft:dirt":9,"aether:iron_gloves":1,"minecraft:wooden_axe":2,"minecraft:leather_leggings":1,"minecraft:snort_pottery_sherd":1,"minecraft:wooden_pickaxe":2,"minecraft:angler_pottery_sherd":1,"minecraft:birch_stairs":3}},"DataVersion":3465}