{"stats":{"minecraft:mined":{"minecraft:dark_oak_planks":7,"minecraft:dark_oak_log":36,"minecraft:decorated_pot":1,"minecraft:bookshelf":16,"biomesoplenty:high_grass":1,"minecraft:water_cauldron":1,"minecraft:birch_stairs":3,"minecraft:glass_pane":11,"minecraft:potted_lily_of_the_valley":1,"minecraft:crafting_table":2,"biomesoplenty:high_grass_plant":2,"minecraft:cobblestone":10,"minecraft:oak_planks":1,"minecraft:light_gray_candle":1,"minecraft:cobblestone_wall":1,"minecraft:lapis_block":5,"minecraft:grass":5,"minecraft:oak_log":13,"minecraft:gray_candle":1},"minecraft:broken":{"minecraft:stone_axe":1},"minecraft:dropped":{"minecraft:iron_ingot":3,"minecraft:shelter_pottery_sherd":1,"minecraft:feather":5,"minecraft:cobblestone":21,"deeperdarker:warden_carapace":2,"cwsr:cyan_sword":1,"minecraft:amethyst_block":63,"minecraft:sheaf_pottery_sherd":1,"minecraft:golden_apple":64,"minecraft:gold_block":192,"minecraft:dirt":10,"alexscaves:tremorsaurus_egg":1,"golems:golem_head":1,"minecraft:netherite_scrap":8,"minecraft:milk_bucket":1,"minecraft:sculk_catalyst":1,"tombstone:grave_key":2,"minecraft:wooden_axe":2,"minecraft:wooden_sword":2,"minecraft:smooth_stone":1,"minecraft:angler_pottery_sherd":1,"minecraft:birch_stairs":3,"minecraft:netherite_ingot":8,"iceandfire:myrmex_desert_resin":11,"minecraft:wheat":1,"minecraft:rotten_flesh":14,"iceandfire:spawn_egg_myrmex_worker":1,"minecraft:yellow_stained_glass":1,"deeperdarker:heart_of_the_deep":1,"undead_revamp2:heavytooth":3,"aether:iron_gloves":3,"minecraft:netherite_block":2,"minecraft:carved_pumpkin":1,"minecraft:leather_leggings":1,"minecraft:snort_pottery_sherd":1,"minecraft:wooden_pickaxe":2,"mca:rose_gold_block":42,"undead_revamp2:rawbostrox":8},"minecraft:picked_up":{"minecraft:shelter_pottery_sherd":1,"minecraft:crafting_table":2,"minecraft:flower_pot":1,"minecraft:wooden_pickaxe":1,"aether:iron_gloves":2,"iceandfire:myrmex_jungle_chitin":7,"better_weaponry:iron_broadsword":1,"tombstone:grave_key":4,"minecraft:lapis_block":5,"minecraft:string":2,"aether:diamond_gloves":1,"minecraft:wooden_sword":1,"minecraft:netherite_scrap":15,"minecraft:netherite_ingot":18,"deeperdarker:warden_carapace":4,"minecraft:diamond_leggings":1,"minecraft:smooth_stone":1,"golems:golem_head":1,"iceandfire:dread_knight_sword":1,"iceandfire:myrmex_desert_resin":13,"simplyswords:stormbringer":2,"minecraft:iron_nugget":9,"minecraft:enchanted_golden_apple":3,"minecraft:coal_block":64,"naturalist:duck":2,"minecraft:sheaf_pottery_sherd":1,"deeperdarker:heart_of_the_deep":2,"tombstone:grave_dust":4,"minecraft:redstone":1,"alexsmobs:spawn_egg_centipede":1,"alexsmobs:centipede_leg":5,"minecraft:cauldron":1,"minecraft:blue_stained_glass":1,"minecraft:dark_oak_planks":7,"minecraft:diamond_chestplate":1,"twilightforest:giant_sword":1,"minecraft:arrow":5,"minecraft:rotten_flesh":35,"minecraft:diamond_boots":1,"iceandfire:myrmex_desert_chitin":8,"minecraft:cobblestone":45,"minecraft:feather":5,"minecraft:oak_log":12,"cwsr:cyan_sword":1,"minecraft:cobblestone_wall":1,"minecraft:wither_skeleton_skull":1,"minecraft:dirt":14,"minecraft:paper":2,"cataclysm:laser_gatling":1,"minecraft:bone":3,"iceandfire:myrmex_jungle_resin":6,"minecraft:wheat_seeds":1,"minecraft:yellow_stained_glass":1,"minecraft:iron_ingot":3,"minecraft:diamond_helmet":1,"minecraft:gray_candle":3,"minecraft:oak_planks":1,"minecraft:book":48,"minecraft:sculk_catalyst":2,"minecraft:birch_stairs":4,"minecraft:lily_of_the_valley":1,"undead_revamp2:heavytooth":5,"iceandfire:myrmex_stinger":6,"minecraft:dark_oak_log":35,"naturalist:duck_egg":2,"minecraft:netherite_block":1,"undead_revamp2:rawbostrox":9,"minecraft:red_stained_glass":1,"minecraft:snort_pottery_sherd":1,"minecraft:light_gray_candle":2,"minecraft:angler_pottery_sherd":1,"minecraft:emerald":3,"minecraft:wooden_axe":1},"minecraft:custom":{"minecraft:mob_kills":52,"minecraft:interact_with_crafting_table":12,"minecraft:open_barrel":26,"minecraft:damage_dealt_resisted":1191,"minecraft:leave_game":6,"minecraft:time_since_death":43138,"minecraft:climb_one_cm":1380,"minecraft:damage_resisted":1567,"minecraft:sprint_one_cm":241861,"minecraft:walk_one_cm":458865,"minecraft:damage_blocked_by_shield":440,"minecraft:drop":60,"minecraft:play_time":122084,"minecraft:deaths":46,"minecraft:sneak_time":6824,"tombstone:tomb_raiding":14,"minecraft:jump":1200,"minecraft:interact_with_brewingstand":1,"minecraft:total_world_time":122084,"tombstone:raider_killed":6,"minecraft:time_since_rest":41965,"minecraft:damage_taken":14998,"minecraft:damage_absorbed":1263,"minecraft:damage_dealt":15958,"minecraft:fly_one_cm":352672,"minecraft:player_kills":31,"minecraft:open_chest":10,"minecraft:crouch_one_cm":21763,"tombstone:undead_killed":8,"tombstone:villager_killed":12,"minecraft:fall_one_cm":51880},"minecraft:crafted":{"minecraft:oak_planks":48,"minecraft:stone_pickaxe":1,"minecraft:dark_oak_planks":140,"minecraft:crafting_table":4,"minecraft:wooden_pickaxe":1,"minecraft:stone_axe":2,"minecraft:bread":5,"minecraft:shield":1,"minecraft:stick":20,"minecraft:iron_ingot":4,"minecraft:wooden_axe":1},"minecraft:used":{"undead_revamp2:theheavy_spawn_egg":7,"better_weaponry:iron_broadsword":6,"ad_astra:lunarian_spawn_egg":3,"simplyswords:stormbringer":24,"minecraft:carved_pumpkin":2,"iceandfire:spawn_egg_myrmex_worker":6,"minecraft:shield":13,"minecraft:rotten_flesh":16,"mca:female_zombie_villager_spawn_egg":2,"minecraft:dirt":5,"minecraft:cobblestone_wall":1,"minecraft:diamond_helmet":1,"minecraft:warden_spawn_egg":2,"naturalist:cardinal_spawn_egg":1,"minecraft:wooden_axe":17,"minecraft:dark_oak_planks":73,"minecraft:iron_block":4,"alexscaves:spawn_egg_raycat":1,"minecraft:diamond_chestplate":1,"naturalist:duck":1,"twilightforest:giant_sword":29,"cataclysm:void_forge":1,"tombstone:gift":3,"minecraft:enchanted_golden_apple":7,"minecraft:iron_leggings":1,"minecraft:diamond_boots":1,"alexscaves:tremorsaurus_egg":1,"minecraft:stone_pickaxe":13,"minecraft:oak_planks":25,"stalwart_dungeons:netherite_hammer":1,"minecraft:wooden_pickaxe":6,"iceandfire:dread_knight_sword":3,"naturalist:duck_egg":2,"iceandfire:spawn_egg_myrmex_sentinel":5,"minecraft:golden_apple":1,"minecraft:crafting_table":6,"cwsr:cyan_sword":30,"minecraft:netherite_block":4,"cwsr:thunder_shock":39,"minecraft:bread":2,"minecraft:barrier":4,"iceandfire:spawn_egg_myrmex_royal":2,"iceandfire:spawn_egg_myrmex_queen":1,"minecraft:stone_axe":123,"simplyswords:shadowsting":47,"iceandfire:spawn_egg_myrmex_soldier":9,"minecraft:wooden_sword":21,"minecraft:smooth_stone":16,"minecraft:diamond_leggings":1},"minecraft:killed_by":{"alexsmobs:void_worm":3,"minecraft:player":35,"undead_revamp2:the_moonflower":1,"alexsmobs:elephant":3,"minecraft:skeleton":1},"minecraft:killed":{"illagerinvasion:archivist":1,"mca:female_zombie_villager":1,"alexsmobs:void_worm":1,"minecraft:vindicator":2,"naturalist:duck":2,"illagerinvasion:basher":2,"minecraft:skeleton":1,"illagerinvasion:provoker":1,"minecraft:warden":1,"iceandfire:myrmex_sentinel":3,"iceandfire:myrmex_worker":3,"minecraft:husk":2,"undead_revamp2:theheavy":3,"ad_astra:lunarian":3,"undead_revamp2:thesomnolence":2,"iceandfire:myrmex_soldier":3,"minecraft:zombie":1,"iceandfire:myrmex_queen":1,"alexsmobs:caiman":3,"mca:female_villager":9}},"DataVersion":3465}