{"stats":{"minecraft:mined":{"minecraft:dark_oak_leaves":2,"minecraft:dark_oak_log":2},"minecraft:custom":{"minecraft:time_since_rest":39320,"minecraft:crouch_one_cm":4027,"minecraft:sprint_one_cm":6414,"minecraft:play_time":69088,"minecraft:deaths":1,"minecraft:damage_taken":60,"minecraft:walk_one_cm":125380,"minecraft:sneak_time":1061,"minecraft:walk_under_water_one_cm":751,"minecraft:jump":218,"minecraft:leave_game":7,"minecraft:walk_on_water_one_cm":320,"minecraft:time_since_death":39540,"minecraft:total_world_time":69088,"minecraft:swim_one_cm":1069,"minecraft:fall_one_cm":2119,"minecraft:fly_one_cm":248402},"minecraft:picked_up":{"minecraft:dark_oak_sapling":2,"minecraft:oak_sapling":1,"minecraft:dark_oak_log":2},"minecraft:crafted":{"minecraft:dark_oak_planks":4},"minecraft:used":{"biomesoplenty:palm_planks":98,"minecraft:stone_bricks":202,"minecraft:glass":232,"biomesoplenty:mahogany_planks":3,"minecraft:chiseled_stone_bricks":20,"minecraft:dark_oak_planks":4,"minecraft:soul_sand":3,"ecologics:flowering_azalea_fence":50,"minecraft:wither_skeleton_skull":3,"minecraft:dark_oak_log":1,"minecraft:blue_stained_glass":28,"minecraft:yellow_stained_glass":28,"minecraft:red_stained_glass":35,"biomesoplenty:redwood_planks":19,"minecraft:quartz_block":34,"biomesoplenty:magic_planks":9,"minecraft:dark_oak_leaves":20,"aether:holystone_bricks":3,"aether:holystone_brick_wall":126,"biomesoplenty:hellbark_planks":9,"minecraft:smooth_stone":83,"biomesoplenty:jacaranda_planks":19}},"DataVersion":3465}