{"stats":{"minecraft:used":{"minecraft:glass":232,"minecraft:dark_oak_planks":4,"biomesoplenty:mahogany_planks":3,"minecraft:netherite_block":37,"minecraft:command_block":8,"minecraft:dark_oak_log":1,"ecologics:flowering_azalea_fence":50,"minecraft:wither_skeleton_skull":3,"minecraft:yellow_stained_glass":29,"minecraft:red_stained_glass":36,"biomesoplenty:redwood_planks":19,"minecraft:oak_sign":1,"minecraft:stone_button":4,"minecraft:quartz_block":34,"minecraft:dark_oak_leaves":20,"aether:holystone_bricks":3,"biomesoplenty:palm_planks":132,"aether:holystone_brick_wall":126,"minecraft:beacon":3,"minecraft:magenta_stained_glass":1,"minecraft:stone_bricks":202,"minecraft:bedrock":10,"minecraft:chiseled_stone_bricks":21,"minecraft:soul_sand":3,"minecraft:dirt":16,"minecraft:blue_stained_glass":28,"mca:female_villager_spawn_egg":9,"minecraft:pink_stained_glass":1,"biomesoplenty:magic_planks":10,"minecraft:repeating_command_block":1,"biomesoplenty:jacaranda_planks":19,"minecraft:oak_hanging_sign":2,"biomesoplenty:hellbark_planks":9,"minecraft:smooth_stone":93},"minecraft:picked_up":{"minecraft:pink_stained_glass":1,"minecraft:dark_oak_sapling":10,"minecraft:stick":14,"minecraft:feather":23,"minecraft:chicken":4,"minecraft:big_dripleaf":7,"biomesoplenty:palm_planks":1,"minecraft:beacon":1,"minecraft:gravel":25,"minecraft:porkchop":3,"naturalist:lizard_tail":1,"minecraft:dark_oak_log":2,"minecraft:lantern":2,"naturalist:duck_egg":2,"minecraft:string":17,"minecraft:moss_carpet":38,"tombstone:gift":1,"minecraft:netherite_block":1,"minecraft:command_block":1,"minecraft:wheat_seeds":12,"minecraft:smooth_stone":1,"minecraft:gray_wool":1,"minecraft:azalea":9,"minecraft:magenta_stained_glass":1,"minecraft:light_gray_wool":2,"minecraft:oak_sapling":1,"minecraft:glow_berries":4,"minecraft:mutton":9,"minecraft:mangrove_propagule":2,"minecraft:flowering_azalea":1,"alexsmobs:kangaroo_meat":2,"minecraft:white_wool":4},"minecraft:custom":{"minecraft:time_since_rest":10388,"minecraft:sprint_one_cm":74686,"minecraft:damage_taken":590,"minecraft:walk_one_cm":175650,"minecraft:interact_with_beacon":1,"minecraft:swim_one_cm":1069,"minecraft:fly_one_cm":891284,"minecraft:crouch_one_cm":4715,"minecraft:play_time":164640,"minecraft:deaths":3,"minecraft:sneak_time":1426,"minecraft:walk_under_water_one_cm":751,"minecraft:jump":521,"minecraft:leave_game":10,"minecraft:walk_on_water_one_cm":540,"minecraft:time_since_death":11935,"minecraft:total_world_time":164640,"minecraft:fall_one_cm":10381},"minecraft:mined":{"minecraft:dark_oak_leaves":2,"minecraft:dark_oak_log":2},"minecraft:crafted":{"minecraft:dark_oak_planks":4}},"DataVersion":3465}