{"stats":{"minecraft:mined":{"minecraft:dark_oak_leaves":2,"minecraft:dark_oak_log":2,"minecraft:grass_block":1,"minecraft:oak_log":1,"minecraft:dirt":2},"minecraft:dropped":{"simplyswords:stormbringer":2,"minecraft:iron_sword":2,"minecraft:emerald_block":64,"minecraft:diamond_block":256,"better_weaponry:wooden_katana":1,"minecraft:diamond_leggings":1,"minecraft:netherite_sword":3,"cataclysm:the_incinerator":1,"cataclysm:void_assault_shoulder_weapon":1,"cataclysm:gauntlet_of_bulwark":2,"cwsr:cyan_sword":1,"minecraft:enchanted_golden_apple":5,"twilightforest:ironwood_sword":1,"minecraft:amethyst_block":128,"cataclysm:void_forge":1,"minecraft:coal_block":192,"minecraft:golden_apple":1,"twilightforest:giant_sword":2,"minecraft:gold_block":384,"cataclysm:tidal_claws":2,"aether:diamond_gloves":1,"minecraft:diamond_chestplate":1,"better_weaponry:netherite_broadsword":1,"minecraft:diamond_helmet":1,"cataclysm:laser_gatling":1,"cwsr:thunder_shock":1,"cataclysm:wither_assault_shoulder_weapon":1,"minecraft:wooden_sword":8,"iceandfire:dread_knight_sword":1,"minecraft:diamond_boots":1,"cataclysm:meat_shredder":1,"mca:engagement_ring_rg":1,"mca:rose_gold_block":64,"better_weaponry:iron_broadsword":2},"minecraft:picked_up":{"minecraft:feather":23,"minecraft:chicken":4,"aether:iron_gloves":1,"biomesoplenty:palm_planks":1,"minecraft:beacon":1,"alexsmobs:bison_fur":1,"tombstone:grave_key":1,"minecraft:oak_log":1,"cwsr:cyan_sword":1,"minecraft:amethyst_block":64,"immersive_aircraft:gyrodyne":2,"naturalist:lizard_tail":1,"minecraft:string":17,"minecraft:dirt":3,"minecraft:moss_carpet":38,"minecraft:lantern":2,"tombstone:gift":2,"minecraft:wooden_sword":4,"minecraft:netherite_scrap":8,"minecraft:netherite_ingot":8,"minecraft:wheat_seeds":12,"minecraft:netherite_sword":2,"minecraft:smooth_stone":1,"minecraft:beef":8,"minecraft:azalea":9,"minecraft:magenta_stained_glass":1,"minecraft:light_gray_wool":2,"alexsmobs:raccoon_tail":2,"minecraft:iron_sword":2,"minecraft:flowering_azalea":1,"minecraft:pink_stained_glass":1,"biomesoplenty:toadstool":1,"minecraft:dark_oak_sapling":10,"minecraft:stick":14,"minecraft:big_dripleaf":7,"better_weaponry:wooden_katana":2,"minecraft:gravel":25,"minecraft:porkchop":3,"tombstone:grave_dust":1,"minecraft:redstone":1,"minecraft:dark_oak_log":2,"naturalist:duck_egg":2,"minecraft:netherite_block":1,"minecraft:command_block":1,"immersive_aircraft:quadrocopter":2,"minecraft:gray_wool":1,"minecraft:oak_sapling":1,"minecraft:glow_berries":4,"minecraft:mutton":9,"minecraft:mangrove_propagule":2,"alexsmobs:kangaroo_meat":2,"minecraft:white_wool":4},"minecraft:custom":{"minecraft:mob_kills":8,"tombstone:raider_killed":1,"minecraft:leave_game":12,"minecraft:time_since_death":20469,"minecraft:time_since_rest":19126,"minecraft:sprint_one_cm":112951,"minecraft:damage_taken":4190,"minecraft:walk_one_cm":546124,"minecraft:drop":65,"minecraft:damage_dealt":3385,"minecraft:interact_with_beacon":1,"minecraft:swim_one_cm":1069,"minecraft:player_kills":9,"minecraft:fly_one_cm":1207746,"minecraft:crouch_one_cm":5621,"minecraft:play_time":292700,"minecraft:deaths":16,"minecraft:sneak_time":1946,"minecraft:walk_under_water_one_cm":751,"tombstone:tomb_raiding":1,"tombstone:villager_killed":3,"minecraft:jump":979,"minecraft:walk_on_water_one_cm":540,"minecraft:total_world_time":292700,"minecraft:fall_one_cm":11279},"minecraft:crafted":{"minecraft:dark_oak_planks":4},"minecraft:killed_by":{"minecraft:player":12},"minecraft:used":{"twilightforest:ironwood_sword":16,"biomesoplenty:mahogany_planks":3,"mca:male_villager_spawn_egg":7,"minecraft:netherite_sword":3,"cwsr:dark_sword":32,"minecraft:wither_skeleton_skull":3,"ecologics:flowering_azalea_fence":50,"minecraft:red_stained_glass":43,"biomesoplenty:redwood_planks":19,"minecraft:oak_sign":1,"stalwart_dungeons:netherite_hammer":6,"aether:holystone_bricks":3,"iceandfire:dread_knight_sword":2,"minecraft:magenta_stained_glass":1,"minecraft:beacon":3,"immersive_aircraft:quadrocopter":5,"immersive_aircraft:cargo_airship":1,"minecraft:dirt":19,"minecraft:soul_sand":3,"minecraft:blue_stained_glass":34,"mca:female_villager_spawn_egg":23,"cwsr:cyan_sword":1,"biomesoplenty:magic_planks":10,"alexsmobs:spawn_egg_centipede":5,"biomesoplenty:hellbark_planks":9,"biomesoplenty:jacaranda_planks":19,"minecraft:oak_log":1,"minecraft:glass":328,"cwsr:thunder_shock":2,"minecraft:dark_oak_planks":4,"minecraft:netherite_block":57,"cataclysm:infernal_forge":2,"minecraft:sea_lantern":16,"minecraft:dark_oak_log":1,"minecraft:command_block":8,"minecraft:yellow_stained_glass":35,"man_of_many_planes:scarlet_biplane":1,"minecraft:grass_block":67,"minecraft:barrier":18,"minecraft:stone_button":4,"minecraft:quartz_block":34,"minecraft:dark_oak_leaves":20,"morebows:frost_bow":9,"aether:holystone_brick_wall":126,"biomesoplenty:toadstool":1,"biomesoplenty:palm_planks":147,"minecraft:stone_bricks":202,"minecraft:diamond_sword":19,"minecraft:bedrock":10,"minecraft:chiseled_stone_bricks":21,"alexsmobs:spawn_egg_caiman":3,"minecraft:wooden_sword":5,"cataclysm:void_forge":2,"alexsmobs:spawn_egg_elephant":1,"better_weaponry:wooden_katana":18,"alexsmobs:spawn_egg_void_worm":1,"golems:spawn_bedrock_golem":1,"immersive_aircraft:gyrodyne":2,"minecraft:pink_stained_glass":1,"minecraft:repeating_command_block":1,"minecraft:oak_hanging_sign":2,"minecraft:smooth_stone":98,"golems:golem_head":6},"minecraft:killed":{"takesapillage:skirmisher":1,"golems:golem":1,"mca:female_villager":3}},"DataVersion":3465}