{"stats":{"minecraft:mined":{"minecraft:dark_oak_leaves":2,"minecraft:dark_oak_log":2},"minecraft:custom":{"minecraft:time_since_rest":15320,"minecraft:crouch_one_cm":1709,"minecraft:sprint_one_cm":4514,"minecraft:play_time":45088,"minecraft:deaths":1,"minecraft:damage_taken":60,"minecraft:walk_one_cm":31456,"minecraft:sneak_time":503,"minecraft:walk_under_water_one_cm":751,"minecraft:jump":135,"minecraft:leave_game":7,"minecraft:walk_on_water_one_cm":320,"minecraft:time_since_death":15540,"minecraft:total_world_time":45088,"minecraft:swim_one_cm":1069,"minecraft:fall_one_cm":2119,"minecraft:fly_one_cm":200562},"minecraft:picked_up":{"minecraft:dark_oak_sapling":2,"minecraft:oak_sapling":1,"minecraft:dark_oak_log":2},"minecraft:crafted":{"minecraft:dark_oak_planks":4},"minecraft:used":{"minecraft:stone_bricks":38,"minecraft:chiseled_stone_bricks":9,"minecraft:dark_oak_planks":4,"minecraft:soul_sand":3,"minecraft:wither_skeleton_skull":3,"minecraft:dark_oak_log":1,"minecraft:quartz_block":34,"minecraft:dark_oak_leaves":20,"minecraft:smooth_stone":21}},"DataVersion":3465}