{"stats":{"minecraft:used":{"minecraft:glass":232,"biomesoplenty:mahogany_planks":3,"minecraft:netherite_block":37,"minecraft:dark_oak_planks":4,"minecraft:wither_skeleton_skull":3,"ecologics:flowering_azalea_fence":50,"minecraft:dark_oak_log":1,"minecraft:command_block":6,"minecraft:yellow_stained_glass":29,"minecraft:red_stained_glass":36,"biomesoplenty:redwood_planks":19,"minecraft:quartz_block":34,"minecraft:dark_oak_leaves":20,"aether:holystone_bricks":3,"minecraft:magenta_stained_glass":1,"aether:holystone_brick_wall":126,"minecraft:beacon":3,"biomesoplenty:palm_planks":100,"minecraft:stone_bricks":202,"minecraft:chiseled_stone_bricks":21,"minecraft:soul_sand":3,"minecraft:blue_stained_glass":28,"biomesoplenty:magic_planks":10,"minecraft:pink_stained_glass":1,"biomesoplenty:hellbark_planks":9,"minecraft:smooth_stone":87,"biomesoplenty:jacaranda_planks":19},"minecraft:picked_up":{"minecraft:dark_oak_sapling":2,"minecraft:dark_oak_log":2,"minecraft:oak_sapling":1},"minecraft:custom":{"minecraft:time_since_rest":71441,"minecraft:sprint_one_cm":9153,"minecraft:damage_taken":60,"minecraft:walk_one_cm":133210,"minecraft:interact_with_beacon":1,"minecraft:swim_one_cm":1069,"minecraft:fly_one_cm":264944,"minecraft:crouch_one_cm":4031,"minecraft:play_time":101209,"minecraft:deaths":1,"minecraft:sneak_time":1161,"minecraft:walk_under_water_one_cm":751,"minecraft:jump":231,"minecraft:leave_game":8,"minecraft:time_since_death":71661,"minecraft:walk_on_water_one_cm":320,"minecraft:total_world_time":101209,"minecraft:fall_one_cm":2119},"minecraft:mined":{"minecraft:dark_oak_leaves":2,"minecraft:dark_oak_log":2},"minecraft:crafted":{"minecraft:dark_oak_planks":4}},"DataVersion":3465}