{"stats":{"minecraft:mined":{"minecraft:dark_oak_leaves":2,"minecraft:dark_oak_log":2,"minecraft:grass_block":1,"minecraft:oak_log":1,"minecraft:dirt":2},"minecraft:dropped":{"simplyswords:stormbringer":2,"cwsr:cyan_sword":1,"twilightforest:giant_sword":2,"better_weaponry:netherite_broadsword":1,"iceandfire:dread_knight_sword":1},"minecraft:picked_up":{"minecraft:feather":23,"minecraft:chicken":4,"biomesoplenty:palm_planks":1,"minecraft:beacon":1,"alexsmobs:bison_fur":1,"minecraft:oak_log":1,"naturalist:lizard_tail":1,"minecraft:string":17,"minecraft:dirt":3,"minecraft:moss_carpet":38,"minecraft:lantern":2,"tombstone:gift":1,"minecraft:wheat_seeds":12,"minecraft:smooth_stone":1,"minecraft:beef":8,"minecraft:azalea":9,"minecraft:magenta_stained_glass":1,"minecraft:light_gray_wool":2,"alexsmobs:raccoon_tail":2,"minecraft:flowering_azalea":1,"minecraft:pink_stained_glass":1,"biomesoplenty:toadstool":1,"minecraft:dark_oak_sapling":10,"minecraft:stick":14,"minecraft:big_dripleaf":7,"minecraft:gravel":25,"minecraft:porkchop":3,"tombstone:grave_dust":1,"minecraft:dark_oak_log":2,"naturalist:duck_egg":2,"minecraft:netherite_block":1,"minecraft:command_block":1,"minecraft:gray_wool":1,"minecraft:oak_sapling":1,"minecraft:glow_berries":4,"minecraft:mutton":9,"minecraft:mangrove_propagule":2,"alexsmobs:kangaroo_meat":2,"minecraft:white_wool":4},"minecraft:custom":{"minecraft:mob_kills":1,"tombstone:raider_killed":1,"minecraft:leave_game":12,"minecraft:time_since_death":49995,"minecraft:time_since_rest":48448,"minecraft:sprint_one_cm":77860,"minecraft:damage_taken":590,"minecraft:walk_one_cm":267708,"minecraft:drop":7,"minecraft:damage_dealt":100,"minecraft:interact_with_beacon":1,"minecraft:swim_one_cm":1069,"minecraft:fly_one_cm":1095820,"minecraft:crouch_one_cm":5615,"minecraft:play_time":202700,"minecraft:deaths":3,"minecraft:sneak_time":1669,"minecraft:walk_under_water_one_cm":751,"minecraft:jump":606,"minecraft:walk_on_water_one_cm":540,"minecraft:total_world_time":202700,"minecraft:fall_one_cm":10590},"minecraft:crafted":{"minecraft:dark_oak_planks":4},"minecraft:used":{"biomesoplenty:mahogany_planks":3,"mca:male_villager_spawn_egg":7,"minecraft:netherite_sword":2,"minecraft:wither_skeleton_skull":3,"ecologics:flowering_azalea_fence":50,"minecraft:red_stained_glass":37,"biomesoplenty:redwood_planks":19,"minecraft:oak_sign":1,"aether:holystone_bricks":3,"iceandfire:dread_knight_sword":2,"minecraft:magenta_stained_glass":1,"minecraft:beacon":3,"minecraft:dirt":19,"minecraft:soul_sand":3,"minecraft:blue_stained_glass":28,"mca:female_villager_spawn_egg":12,"biomesoplenty:magic_planks":10,"biomesoplenty:hellbark_planks":9,"biomesoplenty:jacaranda_planks":19,"minecraft:oak_log":1,"minecraft:glass":232,"minecraft:dark_oak_planks":4,"minecraft:netherite_block":49,"minecraft:sea_lantern":16,"minecraft:dark_oak_log":1,"minecraft:command_block":8,"minecraft:yellow_stained_glass":29,"minecraft:grass_block":67,"minecraft:barrier":18,"minecraft:stone_button":4,"minecraft:quartz_block":34,"minecraft:dark_oak_leaves":20,"aether:holystone_brick_wall":126,"biomesoplenty:toadstool":1,"biomesoplenty:palm_planks":133,"minecraft:stone_bricks":202,"minecraft:bedrock":10,"minecraft:chiseled_stone_bricks":21,"minecraft:pink_stained_glass":1,"minecraft:repeating_command_block":1,"minecraft:oak_hanging_sign":2,"minecraft:smooth_stone":93,"golems:golem_head":4},"minecraft:killed":{"takesapillage:skirmisher":1}},"DataVersion":3465}