{"stats":{"minecraft:mined":{"minecraft:dark_oak_leaves":2,"minecraft:dark_oak_log":2},"minecraft:custom":{"minecraft:time_since_rest":3320,"minecraft:crouch_one_cm":33,"minecraft:sprint_one_cm":4243,"minecraft:play_time":33088,"minecraft:deaths":1,"minecraft:damage_taken":60,"minecraft:walk_one_cm":13564,"minecraft:sneak_time":150,"minecraft:walk_under_water_one_cm":751,"minecraft:jump":113,"minecraft:leave_game":7,"minecraft:walk_on_water_one_cm":320,"minecraft:time_since_death":3540,"minecraft:total_world_time":33088,"minecraft:swim_one_cm":1069,"minecraft:fall_one_cm":2119,"minecraft:fly_one_cm":145776},"minecraft:picked_up":{"minecraft:dark_oak_sapling":2,"minecraft:oak_sapling":1,"minecraft:dark_oak_log":2},"minecraft:crafted":{"minecraft:dark_oak_planks":4},"minecraft:used":{"minecraft:dark_oak_planks":4,"minecraft:soul_sand":3,"minecraft:wither_skeleton_skull":3,"minecraft:dark_oak_log":1,"minecraft:dark_oak_leaves":20}},"DataVersion":3465}