{"stats":{"minecraft:used":{"minecraft:glass":232,"biomesoplenty:mahogany_planks":3,"minecraft:netherite_block":37,"minecraft:dark_oak_planks":4,"minecraft:wither_skeleton_skull":3,"ecologics:flowering_azalea_fence":50,"minecraft:dark_oak_log":1,"minecraft:command_block":8,"minecraft:yellow_stained_glass":29,"minecraft:red_stained_glass":36,"biomesoplenty:redwood_planks":19,"minecraft:oak_sign":1,"minecraft:stone_button":4,"minecraft:quartz_block":34,"minecraft:dark_oak_leaves":20,"aether:holystone_bricks":3,"minecraft:magenta_stained_glass":1,"aether:holystone_brick_wall":126,"minecraft:beacon":3,"biomesoplenty:palm_planks":132,"minecraft:stone_bricks":202,"minecraft:bedrock":10,"minecraft:chiseled_stone_bricks":21,"minecraft:soul_sand":3,"minecraft:blue_stained_glass":28,"biomesoplenty:magic_planks":10,"minecraft:pink_stained_glass":1,"minecraft:repeating_command_block":1,"minecraft:oak_hanging_sign":2,"biomesoplenty:hellbark_planks":9,"minecraft:smooth_stone":93,"biomesoplenty:jacaranda_planks":19},"minecraft:picked_up":{"minecraft:pink_stained_glass":1,"minecraft:dark_oak_sapling":2,"minecraft:beacon":1,"biomesoplenty:palm_planks":1,"minecraft:dark_oak_log":2,"minecraft:netherite_block":1,"tombstone:gift":1,"minecraft:command_block":1,"minecraft:smooth_stone":1,"minecraft:magenta_stained_glass":1,"minecraft:oak_sapling":1},"minecraft:custom":{"minecraft:time_since_rest":7811,"minecraft:sprint_one_cm":53389,"minecraft:damage_taken":590,"minecraft:walk_one_cm":165487,"minecraft:interact_with_beacon":1,"minecraft:swim_one_cm":1069,"minecraft:fly_one_cm":601836,"minecraft:crouch_one_cm":4715,"minecraft:play_time":149209,"minecraft:deaths":2,"minecraft:sneak_time":1426,"minecraft:walk_under_water_one_cm":751,"minecraft:jump":459,"minecraft:leave_game":8,"minecraft:time_since_death":9740,"minecraft:walk_on_water_one_cm":320,"minecraft:total_world_time":149209,"minecraft:fall_one_cm":10381},"minecraft:mined":{"minecraft:dark_oak_leaves":2,"minecraft:dark_oak_log":2},"minecraft:crafted":{"minecraft:dark_oak_planks":4}},"DataVersion":3465}