{"stats":{"minecraft:used":{"minecraft:dark_oak_planks":4,"minecraft:dark_oak_leaves":1,"minecraft:dark_oak_log":1},"minecraft:picked_up":{"minecraft:dark_oak_sapling":2,"minecraft:oak_sapling":1,"minecraft:dark_oak_log":2},"minecraft:custom":{"minecraft:jump":93,"minecraft:time_since_rest":20660,"minecraft:damage_taken":60,"minecraft:leave_game":6,"minecraft:time_since_death":20660,"minecraft:play_time":20660,"minecraft:sprint_one_cm":4243,"minecraft:walk_one_cm":8678,"minecraft:walk_on_water_one_cm":320,"minecraft:sneak_time":66,"minecraft:total_world_time":20660,"minecraft:walk_under_water_one_cm":751,"minecraft:swim_one_cm":1069,"minecraft:fly_one_cm":129617,"minecraft:fall_one_cm":2119},"minecraft:mined":{"minecraft:dark_oak_log":2,"minecraft:dark_oak_leaves":2},"minecraft:crafted":{"minecraft:dark_oak_planks":4}},"DataVersion":3465}