{"stats":{"minecraft:mined":{"minecraft:grass":3,"minecraft:grass_block":4,"biomesoplenty:high_grass":6,"minecraft:dirt":4,"biomesoplenty:high_grass_plant":17,"minecraft:tall_grass":3},"minecraft:picked_up":{"minecraft:barrier":2,"cataclysm:wither_assault_shoulder_weapon":1,"better_weaponry:wooden_katana":2,"aether:iron_gloves":2,"cataclysm:gauntlet_of_bulwark":3,"better_weaponry:iron_broadsword":3,"cwsr:cyan_sword":1,"tombstone:grave_dust":1,"minecraft:dirt":8,"better_weaponry:netherite_broadsword":2,"minecraft:wooden_sword":8,"twilightforest:giant_sword":5,"cataclysm:meat_shredder":1,"cataclysm:laser_gatling":1,"cwsr:dark_sword":3,"cwsr:thunder_shock":1,"cataclysm:tidal_claws":1,"twilightforest:ironwood_sword":3,"cataclysm:void_forge":1,"minecraft:netherite_sword":8,"cataclysm:void_assault_shoulder_weapon":1,"iceandfire:dread_knight_sword":2,"immersive_aircraft:quadrocopter":1,"minecraft:golden_apple":1,"simplyswords:stormbringer":2,"cataclysm:the_incinerator":1,"minecraft:enchanted_golden_apple":2,"minecraft:coal_block":64,"minecraft:iron_sword":2,"stalwart_dungeons:netherite_hammer":2},"minecraft:custom":{"minecraft:time_since_rest":489,"minecraft:sprint_one_cm":83715,"minecraft:damage_taken":13138,"minecraft:damage_absorbed":320,"minecraft:walk_one_cm":500836,"minecraft:damage_dealt":3523,"minecraft:fly_one_cm":95440,"minecraft:player_kills":23,"minecraft:crouch_one_cm":2283,"minecraft:play_time":80999,"minecraft:deaths":41,"minecraft:sneak_time":552,"tombstone:tomb_raiding":9,"minecraft:jump":581,"minecraft:leave_game":4,"minecraft:time_since_death":0,"minecraft:total_world_time":80999,"minecraft:climb_one_cm":442,"minecraft:damage_resisted":5126,"minecraft:fall_one_cm":24999},"minecraft:killed_by":{"minecraft:player":38,"undead_revamp2:the_moonflower":1},"minecraft:used":{"minecraft:netherite_sword":7,"better_weaponry:iron_broadsword":3,"twilightforest:ironwood_sword":8,"cwsr:dark_sword":23,"simplyswords:stormbringer":7,"better_weaponry:netherite_broadsword":4,"iceandfire:dread_knight_sword":2,"immersive_aircraft:quadrocopter":1,"twilightforest:giant_sword":10,"minecraft:wooden_sword":35,"minecraft:dirt":7,"cataclysm:void_forge":6,"cwsr:cyan_sword":22,"minecraft:enchanted_golden_apple":2}},"DataVersion":3465}