{"stats":{"minecraft:mined":{"alexsmobs:ender_residue":3,"minecraft:grass":45,"minecraft:grass_block":5,"biomesoplenty:high_grass":14,"minecraft:dirt":4,"biomesoplenty:high_grass_plant":54,"minecraft:glass":3,"minecraft:tall_grass":5},"minecraft:dropped":{"tombstone:grave_key":3,"mca:rose_gold_block":22},"minecraft:picked_up":{"minecraft:emerald_block":64,"minecraft:barrier":2,"cataclysm:wither_assault_shoulder_weapon":1,"mca:engagement_ring_rg":1,"better_weaponry:wooden_katana":2,"aether:iron_gloves":2,"minecraft:gold_block":192,"cataclysm:gauntlet_of_bulwark":3,"better_weaponry:iron_broadsword":3,"tombstone:grave_key":1,"cwsr:cyan_sword":1,"tombstone:grave_dust":1,"minecraft:amethyst_block":64,"minecraft:diamond_block":64,"minecraft:dirt":8,"mca:rose_gold_block":64,"better_weaponry:netherite_broadsword":2,"minecraft:wooden_sword":8,"twilightforest:giant_sword":5,"cataclysm:meat_shredder":1,"cataclysm:laser_gatling":1,"cwsr:dark_sword":3,"cwsr:thunder_shock":1,"cataclysm:tidal_claws":1,"twilightforest:ironwood_sword":3,"minecraft:wheat_seeds":4,"cataclysm:void_forge":1,"minecraft:netherite_sword":8,"cataclysm:void_assault_shoulder_weapon":1,"iceandfire:dread_knight_sword":2,"immersive_aircraft:quadrocopter":1,"minecraft:golden_apple":1,"simplyswords:stormbringer":2,"cataclysm:the_incinerator":1,"minecraft:enchanted_golden_apple":2,"minecraft:coal_block":64,"minecraft:iron_sword":2,"stalwart_dungeons:netherite_hammer":2},"minecraft:custom":{"minecraft:time_since_rest":13884,"minecraft:sprint_one_cm":97774,"minecraft:damage_taken":18277,"minecraft:damage_absorbed":320,"minecraft:walk_one_cm":577967,"minecraft:drop":25,"minecraft:damage_dealt":3533,"minecraft:fly_one_cm":104999,"minecraft:player_kills":23,"minecraft:crouch_one_cm":2595,"minecraft:play_time":110999,"minecraft:deaths":48,"minecraft:sneak_time":613,"tombstone:tomb_raiding":9,"minecraft:jump":626,"minecraft:leave_game":4,"minecraft:time_since_death":14050,"minecraft:total_world_time":110999,"minecraft:climb_one_cm":442,"minecraft:damage_resisted":5126,"minecraft:fall_one_cm":70445},"minecraft:used":{"minecraft:netherite_sword":7,"better_weaponry:iron_broadsword":3,"twilightforest:ironwood_sword":8,"minecraft:amethyst_block":1,"cwsr:dark_sword":23,"simplyswords:stormbringer":7,"better_weaponry:netherite_broadsword":4,"iceandfire:dread_knight_sword":2,"immersive_aircraft:quadrocopter":1,"twilightforest:giant_sword":10,"minecraft:wooden_sword":35,"minecraft:dirt":7,"cataclysm:void_forge":6,"cwsr:cyan_sword":22,"minecraft:enchanted_golden_apple":2},"minecraft:killed_by":{"alexsmobs:void_worm":1,"minecraft:player":40,"undead_revamp2:the_moonflower":1}},"DataVersion":3465}