{"stats":{"minecraft:mined":{"alexsmobs:ender_residue":3,"minecraft:grass_block":5,"biomesoplenty:high_grass_plant":54,"minecraft:glass":3,"minecraft:tall_grass":5,"minecraft:grass":45,"biomesoplenty:high_grass":14,"minecraft:dirt":4},"minecraft:dropped":{"minecraft:cobblestone":5,"minecraft:amethyst_block":63,"minecraft:gold_block":192,"tombstone:grave_key":3,"minecraft:oak_stairs":64,"mca:rose_gold_block":64},"minecraft:picked_up":{"minecraft:barrier":2,"aether:iron_gloves":2,"minecraft:gold_block":384,"better_weaponry:iron_broadsword":3,"tombstone:grave_key":1,"cwsr:cyan_sword":1,"minecraft:amethyst_block":127,"minecraft:dirt":8,"better_weaponry:netherite_broadsword":2,"minecraft:wooden_sword":8,"cataclysm:meat_shredder":1,"cataclysm:laser_gatling":1,"cwsr:dark_sword":3,"minecraft:bone":1,"twilightforest:ironwood_sword":3,"minecraft:wheat_seeds":4,"minecraft:netherite_sword":8,"cataclysm:void_forge":1,"iceandfire:dread_knight_sword":2,"simplyswords:stormbringer":2,"minecraft:enchanted_golden_apple":2,"minecraft:coal_block":64,"minecraft:iron_sword":2,"cataclysm:wither_assault_shoulder_weapon":1,"minecraft:emerald_block":64,"better_weaponry:wooden_katana":2,"mca:engagement_ring_rg":1,"cataclysm:gauntlet_of_bulwark":3,"tombstone:grave_dust":1,"minecraft:diamond_block":64,"twilightforest:giant_sword":5,"mca:rose_gold_block":106,"cwsr:thunder_shock":1,"cataclysm:tidal_claws":1,"cataclysm:void_assault_shoulder_weapon":1,"minecraft:golden_apple":1,"immersive_aircraft:quadrocopter":1,"cataclysm:the_incinerator":1,"stalwart_dungeons:netherite_hammer":2,"mca:scythe":1,"minecraft:cobblestone":10},"minecraft:custom":{"minecraft:mob_kills":5,"minecraft:leave_game":4,"minecraft:time_since_death":6685,"minecraft:damage_resisted":5126,"minecraft:climb_one_cm":442,"minecraft:time_since_rest":6073,"minecraft:walk_one_cm":611389,"minecraft:sprint_one_cm":98204,"minecraft:damage_taken":18577,"minecraft:damage_absorbed":320,"minecraft:drop":32,"minecraft:damage_dealt":4653,"minecraft:fly_one_cm":105551,"minecraft:player_kills":23,"minecraft:crouch_one_cm":2600,"minecraft:play_time":122999,"minecraft:deaths":49,"minecraft:sneak_time":623,"tombstone:tomb_raiding":9,"tombstone:villager_killed":3,"minecraft:jump":628,"minecraft:total_world_time":122999,"minecraft:fall_one_cm":70445},"minecraft:used":{"twilightforest:ironwood_sword":8,"better_weaponry:iron_broadsword":3,"minecraft:netherite_sword":7,"minecraft:amethyst_block":1,"cwsr:dark_sword":23,"simplyswords:stormbringer":7,"iceandfire:dread_knight_sword":2,"immersive_aircraft:quadrocopter":1,"minecraft:dirt":7,"cwsr:cyan_sword":22,"mca:scythe":21,"better_weaponry:netherite_broadsword":4,"twilightforest:giant_sword":10,"minecraft:wooden_sword":35,"cataclysm:void_forge":6,"minecraft:enchanted_golden_apple":2},"minecraft:killed_by":{"alexsmobs:void_worm":1,"minecraft:player":41,"undead_revamp2:the_moonflower":1},"minecraft:killed":{"mca:female_villager":3}},"DataVersion":3465}