{"stats":{"minecraft:custom":{"minecraft:jump":53,"minecraft:time_since_rest":52,"minecraft:deaths":1,"minecraft:damage_dealt":37,"minecraft:crouch_one_cm":1704,"minecraft:leave_game":2,"minecraft:play_time":12958,"minecraft:sprint_one_cm":5989,"minecraft:damage_taken":262,"minecraft:time_since_death":115,"minecraft:walk_one_cm":36655,"minecraft:sneak_time":396,"minecraft:total_world_time":12958,"minecraft:fall_one_cm":482,"minecraft:fly_one_cm":4049},"minecraft:killed_by":{"minecraft:player":1}},"DataVersion":3465}