{"stats":{"minecraft:picked_up":{"minecraft:barrier":2,"better_weaponry:wooden_katana":2,"aether:iron_gloves":1,"better_weaponry:iron_broadsword":3,"cataclysm:gauntlet_of_bulwark":2,"cwsr:cyan_sword":1,"tombstone:grave_dust":1,"better_weaponry:netherite_broadsword":2,"minecraft:wooden_sword":8,"twilightforest:giant_sword":5,"cwsr:dark_sword":3,"twilightforest:ironwood_sword":3,"minecraft:netherite_sword":8,"immersive_aircraft:quadrocopter":1,"iceandfire:dread_knight_sword":2,"minecraft:golden_apple":1,"simplyswords:stormbringer":2,"minecraft:enchanted_golden_apple":2,"minecraft:iron_sword":2,"stalwart_dungeons:netherite_hammer":2},"minecraft:custom":{"minecraft:time_since_rest":5165,"minecraft:damage_taken":7634,"minecraft:walk_one_cm":282695,"minecraft:sprint_one_cm":59403,"minecraft:damage_absorbed":320,"minecraft:damage_dealt":3358,"minecraft:fly_one_cm":71177,"minecraft:player_kills":15,"minecraft:crouch_one_cm":2283,"minecraft:play_time":48958,"minecraft:deaths":26,"minecraft:sneak_time":504,"tombstone:tomb_raiding":7,"minecraft:jump":331,"minecraft:leave_game":2,"minecraft:time_since_death":5726,"minecraft:climb_one_cm":164,"minecraft:total_world_time":48958,"minecraft:damage_resisted":243,"minecraft:fall_one_cm":964},"minecraft:killed_by":{"minecraft:player":25,"undead_revamp2:the_moonflower":1},"minecraft:used":{"twilightforest:ironwood_sword":7,"better_weaponry:iron_broadsword":3,"minecraft:netherite_sword":7,"cwsr:dark_sword":23,"simplyswords:stormbringer":7,"better_weaponry:netherite_broadsword":4,"iceandfire:dread_knight_sword":2,"immersive_aircraft:quadrocopter":1,"twilightforest:giant_sword":10,"minecraft:wooden_sword":33,"cwsr:cyan_sword":22,"minecraft:enchanted_golden_apple":2}},"DataVersion":3465}