{"stats":{"minecraft:picked_up":{"twilightforest:giant_sword":1,"cwsr:cyan_sword":1},"minecraft:custom":{"minecraft:time_since_rest":1,"minecraft:crouch_one_cm":1704,"minecraft:sprint_one_cm":27280,"minecraft:play_time":24958,"minecraft:walk_one_cm":90749,"minecraft:damage_taken":3558,"minecraft:deaths":12,"minecraft:sneak_time":396,"tombstone:tomb_raiding":3,"minecraft:jump":166,"minecraft:damage_dealt":1144,"minecraft:leave_game":2,"minecraft:time_since_death":330,"minecraft:total_world_time":24958,"minecraft:climb_one_cm":164,"minecraft:fall_one_cm":964,"minecraft:fly_one_cm":57860,"minecraft:player_kills":5},"minecraft:killed_by":{"minecraft:player":11,"undead_revamp2:the_moonflower":1},"minecraft:used":{"twilightforest:giant_sword":8,"cwsr:cyan_sword":8,"iceandfire:dread_knight_sword":2}},"DataVersion":3465}