{"stats":{"minecraft:picked_up":{"cwsr:dark_sword":1,"minecraft:wooden_sword":2,"twilightforest:giant_sword":1,"minecraft:netherite_sword":2,"better_weaponry:iron_broadsword":1,"minecraft:golden_apple":1,"cwsr:cyan_sword":1,"minecraft:enchanted_golden_apple":2},"minecraft:custom":{"minecraft:time_since_rest":1,"minecraft:crouch_one_cm":2283,"minecraft:damage_absorbed":320,"minecraft:sprint_one_cm":50722,"minecraft:play_time":36958,"minecraft:walk_one_cm":202615,"minecraft:damage_taken":6163,"minecraft:deaths":21,"minecraft:sneak_time":469,"tombstone:tomb_raiding":4,"minecraft:jump":252,"minecraft:damage_dealt":1871,"minecraft:leave_game":2,"minecraft:time_since_death":158,"minecraft:damage_resisted":243,"minecraft:total_world_time":36958,"minecraft:climb_one_cm":164,"minecraft:fall_one_cm":964,"minecraft:fly_one_cm":64772,"minecraft:player_kills":8},"minecraft:killed_by":{"minecraft:player":20,"undead_revamp2:the_moonflower":1},"minecraft:used":{"better_weaponry:iron_broadsword":2,"minecraft:netherite_sword":4,"twilightforest:giant_sword":8,"minecraft:wooden_sword":32,"cwsr:dark_sword":15,"cwsr:cyan_sword":8,"iceandfire:dread_knight_sword":2,"minecraft:enchanted_golden_apple":2}},"DataVersion":3465}