{"stats":{"minecraft:used":{"minecraft:stone_axe":63,"minecraft:wooden_axe":14,"minecraft:stone_pickaxe":23,"alexsmobs:animal_dictionary":1,"minecraft:wooden_pickaxe":5,"minecraft:rotten_flesh":3},"minecraft:picked_up":{"minecraft:wooden_axe":2,"minecraft:raw_iron":4,"minecraft:stick":8,"minecraft:slime_ball":1,"minecraft:wooden_pickaxe":2,"minecraft:oak_log":12,"minecraft:oak_sapling":3,"minecraft:dark_oak_sapling":6,"minecraft:dark_oak_log":58,"minecraft:crafting_table":1,"minecraft:soul_sand":2,"minecraft:cobblestone":24},"minecraft:custom":{"minecraft:time_since_rest":29460,"minecraft:crouch_one_cm":80,"minecraft:play_time":29460,"minecraft:sprint_one_cm":7657,"minecraft:damage_taken":130,"minecraft:walk_one_cm":37111,"minecraft:sneak_time":18,"minecraft:jump":42,"minecraft:damage_dealt":154,"minecraft:leave_game":1,"minecraft:time_since_death":29460,"minecraft:total_world_time":29460,"minecraft:climb_one_cm":776,"minecraft:fall_one_cm":1717,"minecraft:interact_with_crafting_table":3,"minecraft:fly_one_cm":2755,"minecraft:open_barrel":18},"minecraft:mined":{"minecraft:large_fern":1,"minecraft:grass":1,"minecraft:oak_log":12,"minecraft:iron_ore":4,"minecraft:cobblestone":19,"minecraft:dark_oak_log":58,"minecraft:stone":5,"minecraft:crafting_table":1},"minecraft:crafted":{"minecraft:oak_planks":44,"minecraft:stone_axe":1,"minecraft:stick":4,"minecraft:stone_pickaxe":1}},"DataVersion":3465}