{"stats":{"minecraft:used":{"minecraft:stone_pickaxe":14,"minecraft:wooden_pickaxe":11,"graveyard:bone_dagger":16,"minecraft:crafting_table":3,"minecraft:wooden_axe":25,"minecraft:dark_oak_log":1,"minecraft:bread":2,"minecraft:stone_axe":46},"minecraft:picked_up":{"minecraft:charcoal":4,"minecraft:cocoa_beans":4,"minecraft:crafting_table":3,"minecraft:iron_chestplate":2,"minecraft:iron_door":1,"minecraft:smoker":1,"minecraft:filled_map":2,"minecraft:gunpowder":2,"minecraft:amethyst_block":1,"minecraft:name_tag":1,"minecraft:bone":8,"graveyard:corruption":26,"minecraft:wheat_seeds":1,"minecraft:stone_pickaxe":1,"minecraft:cobweb":4,"minecraft:chest":1,"graveyard:bone_dagger":2,"minecraft:polished_blackstone_bricks":3,"minecraft:cyan_bed":1,"minecraft:redstone":2,"minecraft:spectral_arrow":1,"minecraft:dark_oak_log":25,"minecraft:pumpkin_seeds":2,"minecraft:rotten_flesh":10,"minecraft:honey_bottle":2,"minecraft:sugar":1,"minecraft:stone_axe":1,"minecraft:pumpkin_pie":4,"minecraft:hay_block":16,"graveyard:small_brown_urn":2,"minecraft:cracked_polished_blackstone_bricks":2,"minecraft:bone_meal":5,"minecraft:emerald":2,"minecraft:bread":26,"minecraft:polished_blackstone":5,"minecraft:iron_bars":3,"minecraft:cobblestone":12},"minecraft:broken":{"graveyard:bone_dagger":1},"minecraft:killed_by":{"graveyard:acolyte":1},"minecraft:custom":{"minecraft:mob_kills":13,"tombstone:raider_killed":2,"minecraft:interact_with_crafting_table":3,"minecraft:open_barrel":2,"minecraft:time_since_death":1272,"minecraft:sleep_in_bed":1,"minecraft:climb_one_cm":16,"minecraft:time_since_rest":1037,"minecraft:sprint_one_cm":32475,"minecraft:damage_taken":404,"minecraft:walk_one_cm":37566,"minecraft:drop":15,"minecraft:damage_dealt":3401,"minecraft:fly_one_cm":16596,"minecraft:open_chest":4,"minecraft:crouch_one_cm":169,"minecraft:play_time":28040,"minecraft:deaths":1,"minecraft:sneak_time":135,"minecraft:jump":104,"minecraft:total_world_time":28040,"minecraft:fall_one_cm":2338},"minecraft:mined":{"minecraft:dark_oak_leaves":4,"minecraft:smoker":1,"minecraft:dark_oak_log":28,"minecraft:crafting_table":3,"minecraft:chest":1,"minecraft:light_gray_bed":1,"minecraft:campfire":1,"minecraft:redstone_wire":1,"minecraft:cobblestone":12,"minecraft:cyan_bed":1,"minecraft:hay_block":16,"minecraft:polished_blackstone_bricks":3,"graveyard:skull_with_rib_cage":1,"minecraft:birch_leaves":1,"minecraft:grass":1,"minecraft:iron_bars":2,"graveyard:small_brown_urn":2,"minecraft:polished_blackstone":4},"minecraft:crafted":{"minecraft:crafting_table":1,"minecraft:wooden_pickaxe":1,"minecraft:stone_axe":1,"minecraft:bread":6,"minecraft:stick":8,"minecraft:stone_pickaxe":1,"minecraft:wooden_axe":1,"minecraft:dark_oak_planks":24},"minecraft:killed":{"minecraft:witch":2,"graveyard:acolyte":11},"minecraft:dropped":{"minecraft:wheat_seeds":1,"minecraft:rotten_flesh":5,"minecraft:amethyst_block":1,"minecraft:pumpkin_seeds":2,"minecraft:cobweb":4,"minecraft:cracked_polished_blackstone_bricks":1,"minecraft:wooden_axe":1,"minecraft:iron_door":1,"minecraft:pumpkin_pie":2,"minecraft:wooden_pickaxe":1,"minecraft:sugar":1}},"DataVersion":3465}