{"stats":{"minecraft:picked_up":{"minecraft:dark_oak_log":6},"minecraft:custom":{"minecraft:jump":20,"minecraft:time_since_rest":16040,"minecraft:crouch_one_cm":169,"minecraft:sprint_one_cm":2212,"minecraft:play_time":16040,"minecraft:time_since_death":16040,"minecraft:walk_one_cm":2475,"minecraft:sneak_time":135,"minecraft:total_world_time":16040,"minecraft:fall_one_cm":689,"minecraft:fly_one_cm":1259},"minecraft:mined":{"minecraft:dark_oak_log":6,"minecraft:dark_oak_leaves":4},"minecraft:crafted":{"minecraft:dark_oak_planks":24}},"DataVersion":3465}